user_input,reference_contexts,reference,synthesizer_name
What are the key features of the CountYourWords application that make it suitable for real-world use cases?,"['Project Purpose\n\nProject Purpose\n\nThe primary goal of CountYourWords is to develop a robust text parser that processes an input file named input.txt to count words and their occurrences. The application must adhere to specific constraints, including ignoring numbers, special characters, and case sensitivity. Additionally, the output should be presented in alphabetical order, and the code must be production-ready with comprehensive testing and TDD practices.\n\nIntended Use Cases\n\nText Analysis: Counting word frequencies in large text documents for analysis.\n\nContent Management Systems (CMS): Enhancing CMS functionalities to provide insights into content distribution.\n\nSearch Engine Optimization (SEO): Analyzing keyword density in web pages.\n\nData Entry Automation: Automating the process of counting words in data entry tasks.\n\nTarget Audience\n\nThe target audience for CountYourWords includes: - Software Developers: Individuals or teams working on text processing applications. - Educators and Students: Those learning about Java programming, object-oriented design, and testing-driven development (TDD). - Technical Writers: Professionals needing to analyze and report on document content.\n\nKey Features\n\nWord Counting: The application processes the input file to count each word\'s occurrences.\n\nCase Insensitivity: Word counting is case-insensitive, treating ""Matchbox,"" ""matchbox,"" and ""MATCHBOX"" as the same word.\n\nIgnoring Numbers and Special Characters: Non-alphabetic characters are filtered out during processing.\n\nAlphabetical Output: Results are presented in alphabetical order of words.\n\nProduction-Ready Code: The application is designed following SOLID principles and TDD practices to ensure reliability and maintainability.\n\nExample Usage\n\nThe CountYourWords application reads from input.txt, processes the text according to the specified rules, and outputs the word count and occurrences. Here is a simplified example of how the application might be structured:\n\n```java // src/main/CountYourWords.java import java.util.ArrayList; import java.util.HashMap;\n\npublic class CountYourWords { public static Pair count(ArrayList\n\npublic static void main(String[] args) {\n    // Example usage\n    ArrayList<String> fileLines = new ArrayList<>();\n    fileLines.add(""Hello world"");\n    fileLines.add(""This is a test."");\n    fileLines.add(""World of Java!"");\n\n    Pair result = count(fileLines);\n\n    System.out.println(""Total words: "" + result.getFirst());\n    for (String entry : result.getSecond().keySet()) {\n        System.out.println(entry);\n    }\n}\n\n} ```\n\nDependencies\n\nThe CountYourWords project depends on the following libraries: - hamcrest-core-1.3.jar: For assertions in testing. - junit-4.13.2.jar: For unit testing.\n\nThese dependencies are managed via Maven and included in the project\'s classpath.\n\nConclusion\n\nCountYourWords is a comprehensive text parser designed to meet specific requirements for word counting, case insensitivity, and production-ready code. The application is structured to be easily testable and maintainable, making it suitable for various technical use cases and audiences.']","The key features of the CountYourWords application include: 1. Word Counting: It processes the input file to count each word's occurrences. 2. Case Insensitivity: The application treats words like 'Matchbox,' 'matchbox,' and 'MATCHBOX' as the same word, ensuring accurate counting. 3. Ignoring Numbers and Special Characters: Non-alphabetic characters are filtered out during processing, focusing solely on words. 4. Alphabetical Output: The results are presented in alphabetical order of words, making it easy to read and analyze. 5. Production-Ready Code: The application is designed following SOLID principles and TDD practices, ensuring reliability and maintainability, which is crucial for real-world applications.",single_hop_specifc_query_synthesizer
What are the main applications of CountYourWords as summarized in the context?,"['Intended Use Cases\n\nIntended Use Cases\n\nCountYourWords is designed to be a versatile tool with numerous practical applications. Below are several scenarios where CountYourWords would be particularly useful:\n\nContent Analysis\n\nCountYourWords can be used to analyze text data, providing insights into the frequency and distribution of words within a given document. This feature is invaluable for content creators, SEO professionals, and researchers who need to understand the composition of their texts.\n\nExample Usage: ```java // Example code snippet from CountYourWords.java public Pair\n\nfor (String line : fileLines) {\n    String[] words = line.split(""\\\\s+"");\n    totalWords += words.length;\n\n    for (String word : words) {\n        word = word.toLowerCase();\n        if (!word.isEmpty()) {\n            wordCounts.put(word, wordCounts.getOrDefault(word, 0) + 1);\n        }\n    }\n}\n\nreturn new Pair<>(totalWords, wordCounts);\n\n} ```\n\nData Validation\n\nCountYourWords can be used to validate data by ensuring that it meets certain criteria. For instance, it can check if a text file contains only valid words and no numbers or special characters.\n\nExample Usage: ```java // Example code snippet from CountYourWordsTest.java @Test public void testInvalidFile() { ArrayList\n\nPair result = CountYourWords.count(fileLines);\n\nassertEquals(0, result.getFirst()); // Total words should be 0 due to invalid input\nassertTrue(result.getSecond().isEmpty()); // Word counts map should be empty\n\n} ```\n\nEducational Tools\n\nCountYourWords can serve as an educational tool for students learning about text processing and data analysis. It provides a practical application of concepts such as string manipulation, hashing, and sorting.\n\nExample Usage: java // Example code snippet from Sort.java public static ArrayList<String> sort(HashMap<String, Integer> wordCounts) { ArrayList<String> sortedArray = new ArrayList<>(); for (Map.Entry<String, Integer> entry : wordCounts.entrySet()) { sortedArray.add(entry.getKey() + "" "" + entry.getValue()); } Collections.sort(sortedArray); return sortedArray; }\n\nReal-Time Analytics\n\nCountYourWords can be integrated into real-time analytics systems to monitor and analyze text data in near real-time. This is particularly useful for applications like chatbots, social media monitoring, and customer feedback analysis.\n\nExample Usage: ```java // Example code snippet from App.java public static void main(String[] args) { ArrayList\n\nPair result = CountYourWords.count(fileLines);\nSystem.out.println(""Total words: "" + result.getFirst());\nfor (String entry : CountYourWords.sort(result.getSecond())) {\n    System.out.println(entry);\n}\n\n} ```\n\nSummary\n\nCountYourWords offers a wide range of applications, from content analysis and data validation to educational tools and real-time analytics. Its flexibility and robustness make it a valuable tool for developers working with text data.']","CountYourWords offers a wide range of applications, including content analysis, data validation, educational tools, and real-time analytics. Its flexibility and robustness make it a valuable tool for developers working with text data.",single_hop_specifc_query_synthesizer
What is keyword extraction and how is it implemented in CountYourWords?,"['Text Analysis\n\nText Analysis\n\nCountYourWords provides robust text analysis capabilities to help users understand and extract meaningful information from textual data. This section delves into the features related to analyzing text, such as frequency analysis, sentiment analysis, and keyword extraction.\n\nFrequency Analysis\n\nFrequency analysis is a fundamental technique used to determine how often each word appears in a given text. CountYourWords uses this feature to provide insights into the distribution of words within a document. The following code snippet demonstrates how frequency analysis can be implemented:\n\n```java import java.util.HashMap; import java.util.Map;\n\npublic class FrequencyAnalyzer { public static Map\n\n    for (String word : words) {\n        if (!word.isEmpty()) {\n            wordCount.put(word, wordCount.getOrDefault(word, 0) + 1);\n        }\n    }\n\n    return wordCount;\n}\n\npublic static void main(String[] args) {\n    String text = ""The big brown fox jumps over the lazy dog. The quick brown fox."";\n    Map<String, Integer> frequencyMap = analyzeFrequency(text);\n    System.out.println(frequencyMap);\n}\n\n} ```\n\nSentiment Analysis\n\nSentiment analysis involves determining the emotional tone behind a piece of text. CountYourWords utilizes natural language processing (NLP) techniques to perform sentiment analysis. The following code snippet illustrates how sentiment analysis can be implemented:\n\n```java import java.util.HashMap; import java.util.Map;\n\npublic class SentimentAnalyzer { private static final Map\n\nstatic {\n    sentimentScores.put(""happy"", 1);\n    sentimentScores.put(""sad"", -1);\n    sentimentScores.put(""angry"", -2);\n    sentimentScores.put(""excited"", 2);\n}\n\npublic static int analyzeSentiment(String text) {\n    String[] words = text.toLowerCase().split(""\\\\W+"");\n    int sentimentScore = 0;\n\n    for (String word : words) {\n        if (sentimentScores.containsKey(word)) {\n            sentimentScore += sentimentScores.get(word);\n        }\n    }\n\n    return sentimentScore;\n}\n\npublic static void main(String[] args) {\n    String text = ""I am very happy today. The weather is beautiful."";\n    int sentiment = analyzeSentiment(text);\n    System.out.println(""Sentiment Score: "" + sentiment);\n}\n\n} ```\n\nKeyword Extraction\n\nKeyword extraction involves identifying the most important words or phrases in a piece of text. CountYourWords uses techniques such as TF-IDF (Term Frequency-Inverse Document Frequency) to extract keywords. The following code snippet demonstrates how keyword extraction can be implemented:\n\n```java import java.util.HashMap; import java.util.Map;\n\npublic class KeywordExtractor { public static Map\n\n    for (String word : words) {\n        if (!word.isEmpty()) {\n            wordCount.put(word, wordCount.getOrDefault(word, 0) + 1);\n        }\n    }\n\n    double totalWords = wordCount.size();\n    Map<String, Double> keywordScores = new HashMap<>();\n\n    for (Map.Entry<String, Integer> entry : wordCount.entrySet()) {\n        String word = entry.getKey();\n        int count = entry.getValue();\n        double score = (count / totalWords) * Math.log(totalWords / 1.0); // Simplified TF-IDF\n        keywordScores.put(word, score);\n    }\n\n    return keywordScores;\n}\n\npublic static void main(String[] args) {\n    String text = ""The big brown fox jumps over the lazy dog. The quick brown fox."";\n    Map<String, Double> keywords = extractKeywords(text);\n    System.out.println(keywords);\n}\n\n} ```\n\nTools and Libraries\n\nCountYourWords leverages several tools and libraries to enhance its text analysis capabilities:\n\nJava Collections Framework: Used for data structures like HashMap to store word counts.\n\nJUnit: For unit testing the text analysis features, ensuring they work as expected.\n\nHamcrest Core: Provides matchers for assertions in JUnit tests.\n\nThese tools and libraries help ensure that CountYourWords is both efficient and reliable in its text analysis tasks.']","Keyword extraction involves identifying the most important words or phrases in a piece of text. CountYourWords uses techniques such as TF-IDF (Term Frequency-Inverse Document Frequency) to extract keywords. The implementation includes counting the occurrences of each word and calculating a score based on the frequency of the word relative to the total number of words, which helps in determining the significance of each keyword.",single_hop_specifc_query_synthesizer
How does the Sort Class (src/main/Sort.java) contribute to the functionality of the CountYourWords project?,"['Frameworks and Libraries\n\nFrameworks and Libraries\n\nThe CountYourWords project relies on several frameworks and libraries to facilitate its development. These tools enhance various aspects of the application, from testing and assertions to sorting algorithms.\n\nHamcrest Core (hamcrest-core-1.3.jar)\n\nPurpose: Hamcrest is a framework for writing matcher objects in Java. It provides a more readable way to assert conditions in tests compared to traditional JUnit assertions.\n\nRole: This library is used extensively for creating custom matchers in the test suite, making it easier to write expressive and maintainable test cases.\n\nJUnit (junit-4.13.2.jar)\n\nPurpose: JUnit is a widely-used testing framework for Java applications. It allows developers to write repeatable tests that validate their code.\n\nRole: The CountYourWords project uses JUnit to create unit tests for its core functionality, ensuring that the application behaves as expected under various conditions.\n\nCustom Libraries and Classes\n\nIn addition to external libraries, the CountYourWords project includes several custom classes and utilities:\n\nPair Class (src/main/Pair.java)\n\nPurpose: The Pair class is a simple utility class used to store two related objects together. It is particularly useful in sorting algorithms where pairs of words and their counts need to be maintained.\n\nRole: This class simplifies the handling of word-count pairs, making the code more readable and maintainable.\n\nSort Class (src/main/Sort.java)\n\nPurpose: The Sort class contains various sorting algorithms. Currently, it includes an insertion sort implementation, which is used to sort words alphabetically before counting their occurrences.\n\nRole: This class encapsulates the logic for sorting operations, ensuring that the main application logic remains clean and focused on word processing.\n\nExample Code Snippets\n\nBelow are some example code snippets demonstrating the use of these frameworks and libraries:\n\nHamcrest Matcher Example (src/test/CountYourWordsTest.java)\n\n```java import static org.hamcrest.MatcherAssert.assertThat; import static org.hamcrest.Matchers.equalTo;\n\npublic class CountYourWordsTest { @Test public void testWordCount() { // Arrange String input = ""hello world hello""; CountYourWords countYourWords = new CountYourWords();\n\n    // Act\n    Map<String, Integer> wordCounts = countYourWords.countWords(input);\n\n    // Assert\n    assertThat(wordCounts.get(""hello""), equalTo(2));\n    assertThat(wordCounts.get(""world""), equalTo(1));\n}\n\n} ```\n\nJUnit Test Example (src/test/CountYourWordsTest.java)\n\n```java import org.junit.Test; import static org.junit.Assert.assertEquals;\n\npublic class CountYourWordsTest { @Test public void testWordCount() { // Arrange String input = ""hello world hello""; CountYourWords countYourWords = new CountYourWords();\n\n    // Act\n    Map<String, Integer> wordCounts = countYourWords.countWords(input);\n\n    // Assert\n    assertEquals(2, (int) wordCounts.get(""hello""));\n    assertEquals(1, (int) wordCounts.get(""world""));\n}\n\n} ```\n\nSort Algorithm Example (src/main/Sort.java)\n\n```java import java.util.ArrayList;\n\npublic class Sort { public static ArrayList\n\n    ArrayList<String> sortedList = new ArrayList<>();\n    for (String s : array) {\n        sortedList.add(s);\n    }\n    return sortedList;\n}\n\n} ```\n\nMermaid Diagram\n\nBelow is a Mermaid diagram illustrating the relationships between the main components of the CountYourWords project:\n\nmermaid graph TD A[CountYourWords.java] --> B[Sort.java] A --> C[Pair.java] B --> D[junit-4.13.2.jar] C --> E[hamcrest-core-1.3.jar]\n\nThis diagram shows how the main application class depends on sorting and utility classes, which in turn depend on testing and assertion libraries.\n\nConclusion\n\nThe CountYourWords project leverages several frameworks and libraries to enhance its development process. Hamcrest and JUnit provide robust testing capabilities, while custom classes like Pair and Sort encapsulate specific functionality. Understanding these dependencies is crucial for anyone working on or maintaining the CountYourWords project.']","The Sort Class (src/main/Sort.java) contains various sorting algorithms, including an insertion sort implementation. This class is used to sort words alphabetically before counting their occurrences, encapsulating the logic for sorting operations and ensuring that the main application logic remains clean and focused on word processing.",single_hop_specifc_query_synthesizer
How does the CountYourWords application implement error handling in its functionality?,"['User Interface Features\n\nUser Interface Features\n\nCountYourWords provides a simple and intuitive user interface that allows users to interact with the text parsing functionality. The primary components of the user interface include:\n\nConsole Input/Output\n\nThe application reads input from a fixed file named input.txt located in the project directory. The output is displayed directly in the console, showing the total number of words and their occurrences.\n\nCode Example:\n\n```java // Main class to read input and display results public class CountYourWords { public static void main(String[] args) { try (BufferedReader reader = new BufferedReader(new FileReader(""input.txt""))) { HashMap\n\nprivate static void processLine(String line, HashMap<String, Integer> wordCounts) {\n    String[] words = line.split(""\\\\W+"");\n    for (String word : words) {\n        if (!word.isEmpty()) {\n            word = word.toLowerCase();\n            wordCounts.put(word, wordCounts.getOrDefault(word, 0) + 1);\n        }\n    }\n}\n\n} ```\n\nFile Handling\n\nThe application handles file reading and writing operations. It reads from input.txt and writes the results to the console.\n\nCode Example:\n\n```java // Utility class for file handling public class FileUtils { public static String readFile(String filePath) throws IOException { StringBuilder content = new StringBuilder(); try (BufferedReader reader = new BufferedReader(new FileReader(filePath))) { String line; while ((line = reader.readLine()) != null) { content.append(line).append(""\\n""); } } return content.toString(); }\n\npublic static void writeFile(String filePath, String content) throws IOException {\n    try (BufferedWriter writer = new BufferedWriter(new FileWriter(filePath))) {\n        writer.write(content);\n    }\n}\n\n} ```\n\nSorting Algorithm\n\nThe application includes a custom sorting algorithm to sort the words alphabetically. This algorithm is implemented in the Sort class.\n\nCode Example:\n\n```java // Custom sorting algorithm public class Sort { public static ArrayList\n\n    // Now to add the values back\n    for (String word : sortedWords) {\n        String value = Integer.toString(wordCounts.get(word));\n        String fString = word + "" "" + value;\n        sortedWordCounts.add(fString);\n    }\n\n    return sortedWordCounts;\n}\n\nprivate static ArrayList<String> insertionSort(String[] array) {\n    ArrayList<String> list = new ArrayList<>(Arrays.asList(array));\n    for (int i = 1; i < list.size(); i++) {\n        String key = list.get(i);\n        int j = i - 1;\n        while (j >= 0 && list.get(j).compareTo(key) > 0) {\n            list.set(j + 1, list.get(j));\n            j--;\n        }\n        list.set(j + 1, key);\n    }\n    return list;\n}\n\n} ```\n\nError Handling\n\nThe application includes basic error handling to manage file reading and processing errors.\n\nCode Example:\n\n```java // Main class with error handling public class CountYourWords { public static void main(String[] args) { try (BufferedReader reader = new BufferedReader(new FileReader(""input.txt""))) { HashMap\n\nprivate static void processLine(String line, HashMap<String, Integer> wordCounts) {\n    String[] words = line.split(""\\\\W+"");\n    for (String word : words) {\n        if (!word.isEmpty()) {\n            word = word.toLowerCase();\n            wordCounts.put(word, wordCounts.getOrDefault(word, 0) + 1);\n        }\n    }\n}\n\n} ```\n\nSummary\n\nThe user interface of CountYourWords is designed to be simple and straightforward. It reads input from a fixed file, processes the text using custom logic, sorts the results alphabetically, and outputs them directly to the console. The application includes basic error handling to manage file reading errors.\n\nThis section provides an overview of the key components and their interactions within the CountYourWords user interface.']","The CountYourWords application includes basic error handling to manage file reading and processing errors. This is demonstrated in the main class, where a try-with-resources statement is used to handle the BufferedReader for reading the input file, ensuring that any exceptions related to file reading are managed appropriately.",single_hop_specifc_query_synthesizer
How is a text parser relevant for real-world applications?,"['Project Purpose Project Purpose The primary goal of CountYourWords is to develop a robust text parser that processes an input file named input.txt to count words and their occurrences. The application must adhere to specific constraints, including ignoring numbers, special characters, and case sensitivity. Additionally, the output should be presented in alphabetical order, and the code must be production-ready with comprehensive testing and TDD practices. Intended Use Cases Text Analysis: Counting word frequencies in large text documents for analysis. Content Management Systems (CMS): Enhancing CMS functionalities to provide insights into content distribution. Search Engine Optimization (SEO): Analyzing keyword density in web pages. Data Entry Automation: Automating the process of counting words in data entry tasks. Target Audience The target audience for CountYourWords includes: - Software Developers: Individuals or teams working on text processing applications. - Educators and Students: Those learning about Java programming, object-oriented design, and testing-driven development (TDD). - Technical Writers: Professionals needing to analyze and report on document content. Key Features Word Counting: The application processes the input file to count each word\'s occurrences. Case Insensitivity: Word counting is case-insensitive, treating ""Matchbox,"" ""matchbox,"" and ""MATCHBOX"" as the same word. Ignoring Numbers and Special Characters: Non-alphabetic characters are filtered out during processing. Alphabetical Output: Results are presented in alphabetical order of words. Production-Ready Code: The application is designed following SOLID principles and TDD practices to ensure reliability and maintainability. Example Usage The CountYourWords application reads from input.txt, processes the text according to the specified rules, and outputs the word count and occurrences. Here is a simplified example of how the application might be structured: ```java // src/main/CountYourWords.java import java.util.ArrayList; import java.util.HashMap; public class CountYourWords { public static Pair count(ArrayList public static void main(String[] args) { // Example usage ArrayList<String> fileLines = new ArrayList<>(); fileLines.add(""Hello world""); fileLines.add(""This is a test.""); fileLines.add(""World of Java!""); Pair result = count(fileLines); System.out.println(""Total words: "" + result.getFirst()); for (String entry : result.getSecond().keySet()) { System.out.println(entry); } } } ```']","A text parser, such as CountYourWords, is relevant for real-world applications in various use cases including text analysis for counting word frequencies in large documents, enhancing content management systems (CMS) for insights into content distribution, analyzing keyword density for search engine optimization (SEO), and automating word counting in data entry tasks.",single_hop_specifc_query_synthesizer
What is the role of junit-4.13.2.jar in the CountYourWords project?,"[""Dependencies The CountYourWords project depends on the following libraries: - hamcrest-core-1.3.jar: For assertions in testing. - junit-4.13.2.jar: For unit testing. These dependencies are managed via Maven and included in the project's classpath. Conclusion CountYourWords is a comprehensive text parser designed to meet specific requirements for word counting, case insensitivity, and production-ready code. The application is structured to be easily testable and maintainable, making it suitable for various technical use cases and audiences.""]","junit-4.13.2.jar is used for unit testing in the CountYourWords project, which also depends on other libraries like hamcrest-core-1.3.jar for assertions in testing. These dependencies are managed via Maven and included in the project's classpath.",single_hop_specifc_query_synthesizer
How can real-time analytics be applied in practical scenarios using CountYourWords?,"['Intended Use Cases Intended Use Cases CountYourWords is designed to be a versatile tool with numerous practical applications. Below are several scenarios where CountYourWords would be particularly useful: Content Analysis CountYourWords can be used to analyze text data, providing insights into the frequency and distribution of words within a given document. This feature is invaluable for content creators, SEO professionals, and researchers who need to understand the composition of their texts. Example Usage: ```java // Example code snippet from CountYourWords.java public Pair for (String line : fileLines) { String[] words = line.split(""\\\\s+""); totalWords += words.length; for (String word : words) { word = word.toLowerCase(); if (!word.isEmpty()) { wordCounts.put(word, wordCounts.getOrDefault(word, 0) + 1); } } } return new Pair<>(totalWords, wordCounts); } ``` Data Validation CountYourWords can be used to validate data by ensuring that it meets certain criteria. For instance, it can check if a text file contains only valid words and no numbers or special characters. Example Usage: ```java // Example code snippet from CountYourWordsTest.java @Test public void testInvalidFile() { ArrayList Pair result = CountYourWords.count(fileLines); assertEquals(0, result.getFirst()); // Total words should be 0 due to invalid input assertTrue(result.getSecond().isEmpty()); // Word counts map should be empty } ``` Educational Tools CountYourWords can serve as an educational tool for students learning about text processing and data analysis. It provides a practical application of concepts such as string manipulation, hashing, and sorting. Example Usage: java // Example code snippet from Sort.java public static ArrayList<String> sort(HashMap<String, Integer> wordCounts) { ArrayList<String> sortedArray = new ArrayList<>(); for (Map.Entry<String, Integer> entry : wordCounts.entrySet()) { sortedArray.add(entry.getKey() + "" "" + entry.getValue()); } Collections.sort(sortedArray); return sortedArray; } Real-Time Analytics CountYourWords can be integrated into real-time analytics systems to monitor and analyze text data in near real-time. This is particularly useful for applications like chatbots, social media monitoring, and customer feedback analysis. Example Usage: ```java // Example code snippet from App.java public static void main(String[] args) { ArrayList Pair result = CountYourWords.count(fileLines); System.out.println(""Total words: "" + result.getFirst()); for (String entry : CountYourWords.sort(result.getSecond())) { System.out.println(entry); } } ```']","CountYourWords can be integrated into real-time analytics systems to monitor and analyze text data in near real-time. This application is particularly useful for scenarios such as chatbots, social media monitoring, and customer feedback analysis.",single_hop_specifc_query_synthesizer
Can you explain how content analysis is utilized within the CountYourWords platform and what benefits it offers for someone new to the project?,"['Summary CountYourWords offers a wide range of applications, from content analysis and data validation to educational tools and real-time analytics. Its flexibility and robustness make it a valuable tool for developers working with text data.']","Content analysis is one of the wide range of applications offered by CountYourWords. It provides flexibility and robustness, making it a valuable tool for developers working with text data. This feature can help new joinees understand how to analyze and validate content effectively, which is essential for various tasks within the project.",single_hop_specifc_query_synthesizer
Wat is the relevans of frequency analisis in text analysis?,"['Text Analysis Text Analysis CountYourWords provides robust text analysis capabilities to help users understand and extract meaningful information from textual data. This section delves into the features related to analyzing text, such as frequency analysis, sentiment analysis, and keyword extraction. Frequency Analysis Frequency analysis is a fundamental technique used to determine how often each word appears in a given text. CountYourWords uses this feature to provide insights into the distribution of words within a document. The following code snippet demonstrates how frequency analysis can be implemented: ```java import java.util.HashMap; import java.util.Map; public class FrequencyAnalyzer { public static Map for (String word : words) { if (!word.isEmpty()) { wordCount.put(word, wordCount.getOrDefault(word, 0) + 1); } } return wordCount; } public static void main(String[] args) { String text = ""The big brown fox jumps over the lazy dog. The quick brown fox.""; Map<String, Integer> frequencyMap = analyzeFrequency(text); System.out.println(frequencyMap); } } ``` Sentiment Analysis Sentiment analysis involves determining the emotional tone behind a piece of text. CountYourWords utilizes natural language processing (NLP) techniques to perform sentiment analysis. The following code snippet illustrates how sentiment analysis can be implemented: ```java import java.util.HashMap; import java.util.Map; public class SentimentAnalyzer { private static final Map static { sentimentScores.put(""happy"", 1); sentimentScores.put(""sad"", -1); sentimentScores.put(""angry"", -2); sentimentScores.put(""excited"", 2); } public static int analyzeSentiment(String text) { String[] words = text.toLowerCase().split(""\\\\W+""); int sentimentScore = 0; for (String word : words) { if (sentimentScores.containsKey(word)) { sentimentScore += sentimentScores.get(word); } } return sentimentScore; } public static void main(String[] args) { String text = ""I am very happy today. The weather is beautiful.""; int sentiment = analyzeSentiment(text); System.out.println(""Sentiment Score: "" + sentiment); } } ``` Keyword Extraction Keyword extraction involves identifying the most important words or phrases in a piece of text. CountYourWords uses techniques such as TF-IDF (Term Frequency-Inverse Document Frequency) to extract keywords. The following code snippet demonstrates how keyword extraction can be implemented: ```java import java.util.HashMap; import java.util.Map; public class KeywordExtractor { public static Map for (String word : words) { if (!word.isEmpty()) { wordCount.put(word, wordCount.getOrDefault(word, 0) + 1); } } double totalWords = wordCount.size(); Map<String, Double> keywordScores = new HashMap<>(); for (Map.Entry<String, Integer> entry : wordCount.entrySet()) { String word = entry.getKey(); int count = entry.getValue(); double score = (count / totalWords) * Math.log(totalWords / 1.0); // Simplified TF-IDF keywordScores.put(word, score); } return keywordScores; } public static void main(String[] args) { String text = ""The big brown fox jumps over the lazy dog. The quick brown fox.""; Map<String, Double> keywords = extractKeywords(text); System.out.println(keywords); } } ```']","Frequency analysis is a fundamental technique used to determine how often each word appears in a given text. It provides insights into the distribution of words within a document, making it relevant for understanding and extracting meaningful information from textual data.",single_hop_specifc_query_synthesizer
